ID;Tipo Departamento destinatario;Nombre;Domicilio;Ciudad;CP;Provincia;País;Código Jerárquico
ESQ4601048D;NR;SERVICIO VALENCIANO DE EMPLEO Y FORMACION - SERVEF;C/ Navarro Reverter, 2;VALENCIA;46004;VALENCIA;ES;ESQ4601048D
SVALDAIA;RF;Centro SERVEF de Formación de Aldaia; Ricardo Fuster Fuster, s/n;Aldaia;46960;Valencia;ES;ESQ4601048D.SVALDAIA
SVALICANTE;RF;Centro SERVEF de Formación - Alicante;C/ Fernando Madroñal, 50 ;Alicante;03007;Alicante;ES;ESQ4601048D.SVALICANTE
SVBENICARL;RF;Centro Integrado Público de Formación Profesional - Benicarlo;Avda. Corts Valencianes, 2 ;Benicarló;12580;Castellón;ES;ESQ4601048D.SVBENICARL
SVCATARROJ;RF;Centro Integrado Público de Formación Profesional - Catarroja;San Vicente Ferrer, 1 Bis ;Catarroja;46470;Valencia;ES;ESQ4601048D.SVCATARROJ
SVDTALC;RF;Dirección Territorial del SERVEF - Alicante;Pintor Lorenzo Casanova, 6;Alicante;03003;Alicante;ES;ESQ4601048D.SVDTALC
SVDTCS;RF;Dirección Territorial del SERVEF - Castellón;Historiador Viciana, 8;Castelllón;12002;Castellón;ES;ESQ4601048D.SVDTCS
SVDTVAL;RF;Dirección Territorial del SERVEF - Valencia;Avda. Barón de Cárcer, 36;Valencia;46001;Valencia;ES;ESQ4601048D.SVDTVAL
SVELCHE;RF;Centro SERVEF de Formación - Elche;Camino de Ferrandez, 5;Elche;03271;Alicante;ES;ESQ4601048D.SVELCHE
SVELDA;RF;Centro SERVEF de Formación - Elda;C/ Romero, s/n;Elda;03600;Alicante;ES;ESQ4601048D.SVELDA
SVEMP;RF;Subdirección General de Empleo;Avda. Navarro Reverter, 2;Valencia;46004;Valencia;ES;ESQ4601048D.SVEMP
SVFORCASTE;RF;Centro SERVEF de Formación - Castellón;c/ Venecia, 35;Castellón;12006;Castellón;ES;ESQ4601048D.SVFORCASTE
SVFORM;RF;Subdirección General de Formación Profesional para el Empleo;Avda. Navarro Reverter, 2;Valencia;46004;Valencia;ES;ESQ4601048D.SVFORM
SVGANDIA;RF;Centro SERVEF de Formación - Gandia;D'Oliva, 47;Gandia;46700;Valencia;ES;ESQ4601048D.SVGANDIA
SVINS;RF;Subdirección General de Inserción Laboral;Avda. Navarro Reverter, 2;Valencia;46004;Valencia;ES;ESQ4601048D.SVINS
SVONTINYEN;RF;Centro SERVEF de Formación - Ontinyent;Ctra. Bocairent, S/N ;Ontinyent;46870;Valencia;ES;ESQ4601048D.SVONTINYEN
SVORIHUELA;RF;Centro SERVEF de Formación - Orihuela;Paraje Escorratel, 13-A;Orihuela;03317;Alicante;ES;ESQ4601048D.SVORIHUELA
SVPATERNA;RF;Centro SERVEF de Formación - Paterna; Ciutat Del Ferrol, S/N ;Paterna;46980;Valencia;ES;ESQ4601048D.SVPATERNA
SVPICANYA;RF;Centro SERVEF de Formación - Picanya;Alqueria Del Moret, 43;Picanya;46210;Valencia;ES;ESQ4601048D.SVPICANYA
SVSSCC;RF;Servicios Generales del SERVEF;Avda. Navarro Reverter, 2;Valencia;46004;Valencia;ES;ESQ4601048D.SVSSCC
SVVALENCIA;RF;Centro SERVEF de Formación - Valencia Nord;C/ Pintor Vilar, 1 ;Valencia;46071;Valencia;ES;ESQ4601048D.SVVALENCIA
ESQ4601139A;;INSTITUTO VALENCIANO DE SEGURIDAD Y SALUD EN EL TRABAJO (INVASSAT);C/ CRONISTA CARRERES 11 3º A;VALENCIA;46003;VALENCIA;ES;ESQ4601139A
INV87;RFM;INVASSAT VALENCIA;C/ VALENCIA, 32;BURJASSOT;46100;VALENCIA;ES;ESQ4601139A.INV87
INV88;RFM;INVASSAT ALICANTE;HONDON DE LOS FRAILES, 1;ALICANTE;03005;ALICANTE;ES;ESQ4601139A.INV88
INV89;RFM;INVASSAT CASTELLÓN;CTRA. N-340 VALENCIA-BARCELONA, KM. 68,4;CASTELLÓN;12004;CASTELLÓN;ES;ESQ4601139A.INV89
ESQ9650010C;;INSTITUTO VALENCIANO DE FINANZAS;PLAZA DE NÁPOLES Y SICILIA, 6;VALENCIA;46003;VALENCIA;ES;ESQ9650010C
IVFAR;RFM;Gestión Económica, Administrativa y RRHH;Plaza de Nápoles y Sicilia 6;Valencia;46003;Valencia;ES;ESQ9650010C.IVFAR
IVFDG;RM;Dirección General;Plaza de Nápoles y Sicilia 6;Valencia;46003;Valencia;ES;ESQ9650010C.IVFDG
IVFEF;RM;Entidades Financieras;Plaza de Nápoles y Sicilia 6;Valencia;46003;Valencia;ES;ESQ9650010C.IVFEF
IVFIC;RM;Inversiones;Plaza de Nápoles y Sicilia 6;Valencia;46003;Valencia;ES;ESQ9650010C.IVFIC
IVFMC;RM;Mercado de Capitales;Plaza de Nápoles y Sicilia 6;Valencia;46003;Valencia;ES;ESQ9650010C.IVFMC
ESS4611001A;;GENERALITAT VALENCIANA;CL. CABALLEROS, 2;VALENCIA;46001;VALENCIA;ES;ESS4611001A
G05;NR;PRESIDENCIA Y AGRICULTURA, PESCA, ALIMENTACION Y AGUA;PLAZA DE NULES 2;VALENCIA;46003;VALENCICA;ES;ESS4611001A.G05
G0501;NR;PRESIDENCIA;PLAZA NULES;VALENCIA;46001;VALENCIA;ES;ESS4611001A.G05.G0501
G05001;RFM;GESTION DE PERSONAL Y SERVICIOS COMUNES;C/CABALLEROS 9;VALENCIA;46001;VALENCIA;ES;ESS4611001A.G05.G0501.G05001
G050012;NR;DIREC. GENERAL PROMOCION INSTITUCIONAL;C/ Caballeros 9;VALENCIA;46001;VALENCIA;ES;ESS4611001A.G05.G0501.G050012
G05001215;RF;SERVICIO DE PUBLICIDAD E IMAGEN INSTITUCIONAL;C/ CABALLEROS 9;VALENCIA;46001;VALENCIA;ES;ESS4611001A.G05.G0501.G050012.G05001215
G05001312;RF;SERVICIO DE PLANIFICACION Y ANÁLISIS INFORMATIVO;C/ CABALLEROS 9;VALENCIA;46001;VALENCIA;ES;ESS4611001A.G05.G0501.G050012.G05001312
G05001210;RF;CONTRATACIÓN Y GESTIÓN ECONÓMICA;EN BOU 9;VALENCIA;46001;VALENCIA;ES;ESS4611001A.G05.G0501.G05001210
G05001212;RF;DIREC. GENERAL ANÁLISIS Y POLÍTICAS PÚBLICAS;C/ CABALLEROS 2;VALENCIA;46001;VALENCIA;ES;ESS4611001A.G05.G0501.G05001212
G05001213;RF;DELEGACION CONSELL CASTELLON;C/ MAYOR, 78(CASA DELS CARAGOLS) ;CASTELLON;12001;CASTELLON;ES;ESS4611001A.G05.G0501.G05001213
G05001214;RF;DELEGACION CONSELL ALICANTE;AVDA. DOCTOR GADEA, 10(CASA DE LAS BRUJAS);ALICANTE;03001;ALICANTE;ES;ESS4611001A.G05.G0501.G05001214
G05001216;RF;DIREC. GENERAL RELACIONES CON LA UNION EUROPEA;C/ CABALLEROS 9;VALENCIA;46001;VALENCIA;ES;ESS4611001A.G05.G0501.G05001216
G05001217;RF;DIREC. GENERAL ADMINISTRACION LOCAL;PZ MANISES 1;VALENCIA;46003;VALENCIA;ES;ESS4611001A.G05.G0501.G05001217
G05001218;RF;DIREC. GENERAL SECRETARIADO CONSELL Y RELACIONES CON LAS CORTES;C /CABALLEROS 9;VALENCIA;46001;VALENCIA;ES;ESS4611001A.G05.G0501.G05001218
G05001219;RF;DIREC. GENERAL PARTICIPACION CIUDADANA.;PZ. NULES 2;VALENCIA;46003;VALENCIA;ES;ESS4611001A.G05.G0501.G05001219
G05001220;RF;ORGANIZACION, COORDINACION Y RELACIONES INSTITUCIONALES;PZ. MANISES;VALENCIA;46003;VALENCIA;ES;ESS4611001A.G05.G0501.G05001220
G05001275;RF;DELEGACION CONSELL VALENCIA;C/ JOAQUIN BALLESTER, 39;VALENCIA;46009;VALENCIA;ES;ESS4611001A.G05.G0501.G05001275
G05001313;RF;DIREC. GENERAL ABOGACIA GENERAL DE LA GENERALITAT;Av. Professor López Piñero, 14 - Ciutat De La Justícia;VALENCIA;46013;VALENCIA;ES;ESS4611001A.G05.G0501.G05001313
G0502;NR;AGRICULTURA, PESCA, ALIMENTACIÓN Y AGUA;CASTAN TOBEÑAS 77;VALENCIA;46018;VALENCIA;ES;ESS4611001A.G05.G0502
G05002;RFM;CONTRATACION Y ASUNTOS GENERALES;C/ CASTAN TOBEÑAS 77. EDIFICIO B4. PLANTA BAJA. CA9O;VALENCIA;46018;VALENCIA;ES;ESS4611001A.G05.G0502.G05002
G0500201;NR;DIRECCIÓN GENERAL DE EMPRESAS AGROALIMENTARIAS Y PESCA;C/CASTÁN TOBEÑAS, 77-EDIF.B 4. PTA. 2ª;VALENCIA;46018;VALENCIA;ES;ESS4611001A.G05.G0502.G0500201
G05002059;RFM;INSTITUTO POLITECNICO MARITIMO PESQUERO DEL MEDITERRANEO;MUELLE PESQUERO, S/N;ALICANTE;03001;ALICANTE;ES;ESS4611001A.G05.G0502.G0500201.G05002059
G05002142;RFM;SUBDIRECCIÓN GENERAL DE EMPRESAS AGROALIMENTARIAS;C/CASTÁN TOBEÑAS, 77-EDIF.B 4- PTA. 2ª;VALENCIA;46018;VALENCIA;ES;ESS4611001A.G05.G0502.G0500201.G05002142
G05002209;RFM;SUBDIRECCIÓN GENERAL DE PESCA;C/CASTÁN TOBEÑAS, 77-EDIF.B 4. PTA. 2ª;VALENCIA;46018;VALENCIA;ES;ESS4611001A.G05.G0502.G0500201.G05002209
G0500202;NR;DIRECCIÓN GENERAL DE PRODUCCIÓN AGRARIA Y GANADERA;C/CASTÁN TOBEÑAS, 77-EDIF.B 3-PTA.2;VALENCIA;46018;VALENCIA;ES;ESS4611001A.G05.G0502.G0500202
G05002057;RFM;SUBDIRECCIÓN GENERAL DE SANIDAD AGRARIA Y GANADERA;C/CASTÁN TOBEÑAS, 77-EDIF.B 3;VALENCIA;46018;VALENCIA;ES;ESS4611001A.G05.G0502.G0500202.G05002057
G05002058;RFM;SUBDIRECCIÓN GENERAL DE DESARROLLO RURAL;C/CASTÁN TOBEÑAS, 77-EDIF.B 0-PTA.1 ;VALENCIA;46018;VALENCIA;ES;ESS4611001A.G05.G0502.G0500202.G05002058
G05002060;RFM;LABORATORIO AGROALIMENTARIO DE BURJASSOT;C/ PINTOR GOYA, 8 ;BURJASSOT;46100;VALENCIA;ES;ESS4611001A.G05.G0502.G0500202.G05002060
G05002061;RFM;SERVICIO DE SANIDAD VEGETAL;CTRA. ALICANTE-VALENCIA, KM. 276'5 ;SILLA;46460;VALENCIA;ES;ESS4611001A.G05.G0502.G0500202.G05002061
G05002157;RFM;SUBDIRECCIÓN GENERAL DE POLÍTICA AGRARIA COMÚN Y COMPETITIVIDAD;C/CASTÁN TOBEÑAS, 77-EDIF.B 3 PTA.1 ;VALENCIA;46018;VALENCIA;ES;ESS4611001A.G05.G0502.G0500202.G05002157
G0500203;NR;DIRECCIÓN GENERAL DEL AGUA;C/CASTÁN TOBEÑAS, 77-EDIF.B 2-PTA. 2ª;VALENCIA;46018;VALENCIA;ES;ESS4611001A.G05.G0502.G0500203
G05002266;RFM;SUBDIR. GENERAL PLANIFICACIÓN E INFRAESTRUCTURAS HIDRAÚLICAS;C/CASTÁN TOBEÑAS, 77-EDIF.B 4 ;VALENCIA;46018;VALENCIA;ES;ESS4611001A.G05.G0502.G0500203.G05002266
G05002204;RFM;DIRECCION TERRITORIAL DE ALICANTE;C/ PROFESOR MANUEL SALA 2;ALICANTE;03003;ALICANTE;ES;ESS4611001A.G05.G0502.G05002204
G050301;RM;OCAPA - EL COMPTAT I L'ALCOIÀ. COCENTAINA;C/ SALIDA A FRAGA, 9;COCENTAINA;03014;ALICANTE;ES;ESS4611001A.G05.G0502.G05002204.G050301
G050302;RM;OCAPA - CAMP D'ELX. ELX;C/ ELCHE-DOLORES, KM 1 ;ELCHE;03290;ALICANTE;ES;ESS4611001A.G05.G0502.G05002204.G050302
G050303;RM;OCAPA - BAIX SEGURA. ORIHUELA;C/ LOPEZ POZAS, S/N EDIFICIO PROP;ORIHUELA;03300;ALICANTE;ES;ESS4611001A.G05.G0502.G05002204.G050303
G050304;RM;OCAPA - L'ALT VINALOPÓ VILLENA;C/ POETISA ELENA MONTIEL. S/N;VILLENA;03400;ALICANTE;ES;ESS4611001A.G05.G0502.G05002204.G050304
G050305;RM;OCAPA - LA MARINA BAIXA CALLOSA D'EN SARRIÀ;C/ DEL FONDO, 3;CALLOSA D'EN SARRIÀ;03510;ALICANTE;ES;ESS4611001A.G05.G0502.G05002204.G050305
G050306;RM;OCAPA - VINALOPO MIJA NOVELDA;AVDA. ALFONSO X EL SABIO, 40;NOVELDA;03660;ALICANTE;ES;ESS4611001A.G05.G0502.G05002204.G050306
G050307;RM;OCAPA - LA MARINA ALTA. PEGO;C/ SAN ELOY, 6;PEGO;03780;ALICANTE;ES;ESS4611001A.G05.G0502.G05002204.G050307
G050308;RM;OCAPA - L'ALACANTÍ. SAN JUAN DE ALICANTE;URB. REJOLETES II AVDA. MUTXAMEL, S/N;SAN JUAN DE ALICANTE;03550;ALICANTE;ES;ESS4611001A.G05.G0502.G05002204.G050308
G05002205;RFM;DIRECCION TERRITORIAL DE CASTELLON;C/ HERMANOS BOU, 47 ;CASTELLON;12003;CASTELLON;ES;ESS4611001A.G05.G0502.G05002205
G051202;RM;OCAPA - ALTO PALANCIA. SEGORBE;C/ FRAY LUIS AMIGÓ, 11 ;SEGORBE;12400;CASTELLÓN;ES;ESS4611001A.G05.G0502.G05002205.G051202
G051203;RM;OCAPA- EL MAESTRAT. VALL D'ALBA;PZA. IGLESIA, 11;VALL D'ALBA;12194;CASTELLÓN;ES;ESS4611001A.G05.G0502.G05002205.G051203
G051204;RM;OCAPA - LA PLANA ALTA. VILA-REAL;CTRA. PMDA, KM 3;VILA-REAL;12540;CASTELLÓN;ES;ESS4611001A.G05.G0502.G05002205.G051204
G051205;RM;OCAPA - BAIX MAESTRAT. SAN MATEU;AVDA. CONSTITUCIÓN, 38;SAN MATEU;12170;CASTELLÓN;ES;ESS4611001A.G05.G0502.G05002205.G051205
G051206;RM;OCAPA - ELS PORTS. MORELLA;CTRA MORELLA - FORCALL, KM. 4;MORELLA;12300;CASTELLÓN;ES;ESS4611001A.G05.G0502.G05002205.G051206
G051207;RM;OCAPA - LA PLANA DE VINARÒS. VINARÒS;C/ HOSPITAL, 5;VINARÒS;12500;CASTELLÓN;ES;ESS4611001A.G05.G0502.G05002205.G051207
G051208;RM;OCAPA - LA PLANA BAIXA. LA VALL D'UIXÓ;C/ JAIME I, 17;LA VALL D'UIXÓ;12600;CASTELLÓN;ES;ESS4611001A.G05.G0502.G05002205.G051208
G05002206;RFM;DIRECCION TERRITORIAL DE VALENCIA;C/ GREGORIO GEA 27;VALENCIA;46024;VALENCICA;ES;ESS4611001A.G05.G0502.G05002206
G054601;RM;OCAPA - L'HORTA SUD ALDAIA;C/ PABLO IGLESIAS, 10 3º;ALDAIA;46960;VALENCIA;ES;ESS4611001A.G05.G0502.G05002206.G054601
G054602;RM;OCAPA - LA REBERA ALTA-ALZIRA. ALZIRA;C/ PINTOR SOROLLA, 4;ALZIRA;46600;VALENCIA;ES;ESS4611001A.G05.G0502.G05002206.G054602
G054603;RM;OCAPA - VALLE DE AYORA. AYORA;C/ COFRENTES, 8;AYORA;46620;VALENCIA;ES;ESS4611001A.G05.G0502.G05002206.G054603
G054604;RM;OCAPA - LA VALL D'ALBAIDA. CASTELLÓ DE RUGART;C/ DE LES ESCOLES, S/N;CASTELLÓ DE RUGAR;46841;VALENCIA;ES;ESS4611001A.G05.G0502.G05002206.G054604
G054605;RM;OCAPA- LOS SERRANOS. CHELVA;C/ FOTÓGRAFO BELENGUER, 2;CHELVA;46176;VALENCIA;ES;ESS4611001A.G05.G0502.G05002206.G054605
G054606;RM;OCAPA - L'HORTA NORD. FOIOS;C/ CONCORDIA, 4 ;FOIOS;46134;VALENCIA;ES;ESS4611001A.G05.G0502.G05002206.G054606
G054607;RM;OCAPA - LA RIBERA BAIXA. CULLERA;C/ METGE JOAN PESET, 2;CULLERA;46499;VALENCIA;ES;ESS4611001A.G05.G0502.G05002206.G054607
G054608;RM;OCAPA - CAMP DE MORVEDRE. SAGUNT;PZA TRINIDAD, 2 ;SAGUNT;46500;VALENCIA;ES;ESS4611001A.G05.G0502.G05002206.G054608
G054609;RM;OCAPA - UTIEL. UTIEL;AVDA. DEL DEPORTE, 1;UTIEL;46300;VALENCIA;ES;ESS4611001A.G05.G0502.G05002206.G054609
G054610;RM;OCAPA - ENGUERA Y LA CANAL. ENGUERA;AVDA. CONSTITUCIÓN, 22;ENGUERA;46810;VALENCIA;ES;ESS4611001A.G05.G0502.G05002206.G054610
G054611;RM;OCAPA - L'HORTA SUD. CATARROJA;C/ TRINQUETE, 64;CATARROJA;46470;VALENCIA;ES;ESS4611001A.G05.G0502.G05002206.G054611
G054612;RM;OCAPA - LA RIBERA ALTA-CARLET. CARLET;AVDA. LLAURADOR, 19;CARLET;46240;VALENCIA;ES;ESS4611001A.G05.G0502.G05002206.G054612
G054613;RM;OCAPA - HOYA DE BUÑOL. CHIVA;POLÍGONO AGRAINDUATRIAL LA MURTA;CHIVA;46370;VALENCIA;ES;ESS4611001A.G05.G0502.G05002206.G054613
G054614;RM;OCAPA - CAMP DEL TURIA. LLIRIA;C/ PLA DE RASCANYA, S/N;LLIRIA;46160;VALENCIA;ES;ESS4611001A.G05.G0502.G05002206.G054614
G054615;RM;OCAPA - RINCÓN DE ADEMUZ. TORREBAJA;PZA. AYUNTAMIENTO, 1, 2º;TORREBAJA;46143;VALENCIA;ES;ESS4611001A.G05.G0502.G05002206.G054615
G054616;RM;OCAPA - LA COSTERA. XATIVA;CTRA. DE SIMAT, S/N;XATIVA;46800;VALENCIA;ES;ESS4611001A.G05.G0502.G05002206.G054616
G054617;RM;OCAPA- REQUENA. REQUENA;PZA. VALENTÍN GARCÍA TENA, 1;REQUENA;46340;VALENCIA;ES;ESS4611001A.G05.G0502.G05002206.G054617
G054618;RM;OCAPA - LA VALL D'ALBAIDA. ONTINYENT;C/ VIOLINISTA MATAS, 5 BAJO;ONTINYENT;46870;VALENCIA;ES;ESS4611001A.G05.G0502.G05002206.G054618
G054619;RM;OCAPA - LA SAFOR. GANDIA;AVDA. REPÚBLICA ARGENTINA,28 -3;GANDIA;46702;VALENCIA;ES;ESS4611001A.G05.G0502.G05002206.G054619
G05002207;RFM;UNIDAD DE COORDINACION OCAPAS;C/CASTÁN TOBEÑAS, 77-EDIF.B 0-PTA.1 ;VALENCICA;46018;VALENCIA;ES;ESS4611001A.G05.G0502.G05002207
G05002208;RFM;PROGRAMACION Y GESTION ECOMOMICA;C/CASTÁN TOBEÑAS, 77-EDIF.B 4-PTA. 1;VALENCIA;46018;VALENCIA;ES;ESS4611001A.G05.G0502.G05002208
G06;NR;HACIENDA Y ADMINISTRACIÓN PÚBLICA;C/ PALAU, 14;VALENCIA;46003;VALENCIA;ES;ESS4611001A.G06
G06000337;RF;SERVICIOS TERRITORIALES CASTELLÓN;PL. TETUÁN, 38 - 39;CASTELLÓN DE LA PLANA;12001;CASTELLÓN DE LA PLANA;ES;ESS4611001A.G06.G06000337
G06000338;RF;SERVICIOS TERRITORIALES VALENCIA;C/ GREGORIO GEA, 14;VALENCIA;46009;VALENCIA;ES;ESS4611001A.G06.G06000338
G06000340;RF;SERVICIOS TERRITORIALES ALICANTE;C/ CHURRUCA, 25;ALICANTE;03003;ALICANTE;ES;ESS4611001A.G06.G06000340
G06001;RF;SUBSECRETARÍA;C/ PALAU 14;VALENCIA;46003;VALENCIA;ES;ESS4611001A.G06.G06001
G06002;NR;SECRETARIA AUTONÓMICA DE HACIENDA Y PRESUPUESTOS;C/ PALAU 14;VALENCIA;46003;VALENCIA;ES;ESS4611001A.G06.G06002
G06002222;RFM;PATRIMONIO DE LA GENERALITAT;C/ PALAU 14;VALENCIA;46003;VALENCIA;ES;ESS4611001A.G06.G06002.G06002222
G06002223;RF;SUBDIRECCIÓN GENERAL DE TESORERIA;PZ. NAPOLES Y SICILIA, 6;VALENCIA;46003;VALENCIA;ES;ESS4611001A.G06.G06002.G06002223
G06002224;RF;PRESUPUESTOS DE LA GENERALITAT;C/ PALAU 14;VALENCIA;46003;VALENCIA;ES;ESS4611001A.G06.G06002.G06002224
G06002225;RF;SUBDIRECCIÓN GENERAL DE TRIBUTOS;C/ GREGORIO GEA 14;VALENCIA;46009;VALENCIA;ES;ESS4611001A.G06.G06002.G06002225
G06002228;RF;PROYECTOS Y FONDOS EUROPEOS;C/ PALAU 14;VALENCIA;46003;VALENCIA;ES;ESS4611001A.G06.G06002.G06002228
G06002229;RF;SUBDIRECCIÓN GENERAL DE JUEGO;C/ DEL ALMIRANTE 1;VALENCIA;46003;VALENCIA;ES;ESS4611001A.G06.G06002.G06002229
G06002372;RFM;SUBDIRECCION GENERA CIUDAD ADMINISTRATIVA 9 DE OCTUBRE;C/ CASTAN TOBEÑAS 77 EDIFICIO A;VALENCIA;46018;VALENCIA;ES;ESS4611001A.G06.G06002.G06002372
G06004;NR;SECRETARIA AUTONOMICA DE ADMINISTRACION PUBLICA;C/ MIGUELETE, 5;VALENCIA;46003;VALENCIA;ES;ESS4611001A.G06.G06004
G0600401;NR;COORDINACION ADMINISTRATIVA DE LAS TECNOLOGIAS DE LA INFORMACION;C/ MIGUELETE 5;VALENCIA;46003;VALENCIA;ES;ESS4611001A.G06.G06004.G0600401
G06000231;RFM;INNOVACION TECNOLOGICA EDUCATIVA;AV. CAMPANAR, 32;VALENCIA;46015;VALENCIA;ES;ESS4611001A.G06.G06004.G0600401.G06000231
G06000276;RFM;ATENCIÓN AL CIUDADANO, CALIDAD E INSPECCION DE SERVICIOS;C/ MIGUELETE 5;VALENCIA;46003;VALENCIA;ES;ESS4611001A.G06.G06004.G0600401.G06000276
G06000347;RFM;TECNOLOGIAS DE LA INFORMACION;C/ CASTAN TOBEÑAS, 77;VALENCIA;46018;VALENCIA;ES;ESS4611001A.G06.G06004.G0600401.G06000347
G06004188;RF;DIRECCIÓN GENERAL DEL SECTOR PÚBLICO EMPRESARIAL;C/ MIGUELETE 5;VALENCIA;46003;VALENCIA;ES;ESS4611001A.G06.G06004.G06004188
G06004189;RF;SUBDIRECCIÓN GENERAL DEL SECTOR PÚBLICO EMPRESARIAL;C/ MIGUELETE 5;VALENCIA;46003;VALENCIA;ES;ESS4611001A.G06.G06004.G06004188.G06004189
G06004333;RF;DIRECCION GENERAL DE RECURSOS HUMANOS;C/ MIGUELETE 5;VALENCIA;46003;VALENCIA;ES;ESS4611001A.G06.G06004.G06004333
G06004230;RF;SUBDIRECCION GENERAL DEL IVAP;C/ MIGUELETE 5;VALENCIA;46003;VALENCIA;ES;ESS4611001A.G06.G06004.G06004333.G06004230
G06005;NR;INTERVENCION GENERAL;C/ CASTAN TOBEÑAS, 77;VALENCIA;46018;VALENCIA;ES;ESS4611001A.G06.G06005
G06000316;RFM;INTERVENCION GENERAL;C/ CASTAN TOBEÑAS, 77;VALENCIA;46018;VALENCIA;ES;ESS4611001A.G06.G06005.G06000316
G08;NR;INFRAESTRUCTURAS, TERRITORIO Y MEDIO AMBIENTE;C/ CASTÁN TOBEÑAS, 77 (TORRE I);VALENCIA;46018;VALENCIA;ES;ESS4611001A.G08
G0800001;NR;SGA;C/ CASTAN TOBEÑAS 77;VALENCIA;46018;VALENCIA;ES;ESS4611001A.G08.G0800001
G0814190;NR;022 SERVICIO DE PROGRAMACIÓN Y GESTIÓN ECONÓMICA;C/ Castán Tobeñas, 77 (Torre I);Valencia;46018;Valencia;ES;ESS4611001A.G08.G0800001.G0814190
G0800201;RF;100 DT INFRAESTR, TERRIT Y MEDIO AMBIENTE - ALICANTE;C/ CHURRUCA, 29;ALICANTE;03003;ALICANTE;ES;ESS4611001A.G08.G0800001.G0814190.G0800201
G0800301;RF;112 DT INFRAESTR, TERRIT Y MEDIO AMBIENTE - CASTELLON;AV. DEL MAR, 16;CASTELLÓN DE LA PLANA;12003;CASTELLÓN;ES;ESS4611001A.G08.G0800001.G0814190.G0800301
G0813874;RF;041 SUBDIRECCIÓN GENERAL DE INFRAESTRUCTURAS PÚBLICAS;C/ Castán Tobeñas, 77 (Torre I);VALENCIA;46018;VALENCIA;ES;ESS4611001A.G08.G0800001.G0814190.G0813874
G0813889;RF;045 SUBDIRECCIÓN GENERAL DE PROYECTOS URBANOS Y VIVIENDA;C/ Castán Tobeñas, 77 (Torre I);VALENCIA;46018;VALENCIA;ES;ESS4611001A.G08.G0800001.G0814190.G0813889
G0814017;RF;051 SUBDIRECCIÓN GENERAL DE PLANIFICACIÓN, LOGÍSTICA Y SEGURIDAD;C/ Castán Tobeñas, 77 (Torre I);VALENCIA;46018;VALENCIA;ES;ESS4611001A.G08.G0800001.G0814190.G0814017
G0814046;RF;056 SUBDIRECCIÓN GENERAL DE PUERTOS, AEROPUERTOS Y COSTAS;C/ Castán Tobeñas, 77 (Torre I);VALENCIA;46018;VALENCIA;ES;ESS4611001A.G08.G0800001.G0814190.G0814046
G0814069;RF;071 SUBDIRECCIÓN GENERAL DE MEDIO NATURAL;C/ Castán Tobeñas, 77 (Torre I);VALENCIA;46018;VALENCIA;ES;ESS4611001A.G08.G0800001.G0814190.G0814069
G0814144;RF;081 SUBDIRECCIÓN GENERAL DE EVALUACIÓN AMBIENTAL Y TERRITORIAL;C/ Castán Tobeñas, 77 (Torre I);VALENCIA;46018;VALENCIA;ES;ESS4611001A.G08.G0800001.G0814190.G0814144
G0814168;RF;091 SUBDIRECCIÓN GENERAL DE CALIDAD AMBIENTAL;C/ Castán Tobeñas, 77 (Torre I);VALENCIA;46018;VALENCIA;ES;ESS4611001A.G08.G0800001.G0814190.G0814168
G0814182;RF;061 SUBDIRECCIÓN GENERAL DE ORDENACIÓN, PLANIFICACIÓN Y ACT. AMB. EST.;C/ Castán Tobeñas, 77 (Torre I);VALENCIA;46018;VALENCIA;ES;ESS4611001A.G08.G0800001.G0814190.G0814182
G0814189;RFM;024 SERVICIO DE COORDINACIÓN Y APOYO TÉCNICO;C/ Castán Tobeñas, 77 (Torre I);VALENCIA;46018;VALENCIA;ES;ESS4611001A.G08.G0800001.G0814190.G0814189
G0814209;RF;121 DT INFRAESTR. TERRIT. Y MEDIO AMBIENTE - VALENCIA;GREGORIO GEA, 27;VALENCIA;46009;VALENCIA;ES;ESS4611001A.G08.G0800001.G0814190.G0814209
G09;NR;EDUCACIÓN, CULTURA Y DEPORTE;AVDA. CAMPANAR, 32;VALENCIA;46015;VALENCIA;ES;ESS4611001A.G09
G0901;NR;SUBSECRETARIA;AV. CAMPANAR, 32;VALENCIA;46015;VALENCIA;ES;ESS4611001A.G09.G0901
G0901248;RF;SERVICIO DE PROGRAMACIÓN ECONÓMICA Y PRESUPUESTOS;AV. CAMPANAR 32;VALENCIA;46015;VALENCIA;ES;ESS4611001A.G09.G0901.G0901248
G0901249;RF;SERVICIO DE CONTRATACIÓN;AV. CAMPANAR 32;VALENCIA;46015;VALENCIA;ES;ESS4611001A.G09.G0901.G0901249
G0901335;RF;SERVICIO DE GESTIÓN ECONÓMICA Y NÓMINAS;AV CAMPANAR 32;VALENCIA;46015;VALENCIA;ES;ESS4611001A.G09.G0901.G0901335
G0901371;RF;REGISTRO GENERAL DE LA CONSELLERIA DE EDUCACION, CULTURA Y DEPORTE;Avenida Campanar, 32;Valencia;46015;Valencia;ES;ESS4611001A.G09.G0901.G0901371
G0902;RF;SECRETARÍA AUTONÓMICA DE EDUCACIÓN Y FORMACIÓN;AV. CAMPANAR, 32;VALENCIA;46025;VALENCIA;ES;ESS4611001A.G09.G0902
G090201;NR;DIRECCION GENERAL DE CENTROS Y PERSONAL DOCENTE;AV. CAMPANAR 32;VALENCIA;46015;VALENCIA;ES;ESS4611001A.G09.G0902.G090201
G090201242;RF;SUBDIRECCIÓN GENERAL DE CENTROS DOCENTES; AV. CAMPANAR, 32;VALENCIA;46015;VALENCIA;ES;ESS4611001A.G09.G0902.G090201.G090201242
G090201254;RFM;COMPLEJO EDUCATIVO DE CHESTE;C/ MADRID S/N;CHESTE;46380;VALENCIA;ES;ESS4611001A.G09.G0902.G090201.G090201242.G090201254
G090201247;RF;SUBDIRECCIÓN GENERAL DE PERSONAL DOCENTE;AV. CAMPANAR 32;VALENCIA;46015;VALENCIA;ES;ESS4611001A.G09.G0902.G090201.G090201247
G090202;NR;DIRECCIÓN GENERAL DE INNOVACIÓN, ORDENACIÓN Y POLÍTICA LIGÜISTICA;AV. CAMPANAR, 32;VALENCIA;46015;VALENCIA;ES;ESS4611001A.G09.G0902.G090202
G090202001;RF;SERVICIO PSICOPEDAGOGICO ESCOLAR (C02) CASTELLO DE LA PLANA;C/ JOSE PRADAS GALLEN S7n;CASTELLON;12006;CASTELLON;ES;ESS4611001A.G09.G0902.G090202.G090202001
G090202002;RF;SERVICIO PSICOPEDAGOGICO ESCOLAR (C03) BORRIANA;C/ MANUEL CUBEDO I GINER 31;BORRIANA;12530;CASTELLON;ES;ESS4611001A.G09.G0902.G090202.G090202002
G090202003;RF;SERVICIO PSICOPEDAGOGICO ESCOLAR (V01) VALENCIA N.S. DEL CARMEN;C AMADIS DE GAULA 7;VALENCIA;46022;VALENCIA;ES;ESS4611001A.G09.G0902.G090202.G090202003
G090202004;RF;SERVICIO PSICOPEDAGOGICO ESCOLAR (V02) VALENCIA TORREFIEL;C/ ERUDITO PAGÉS 1;VALENCIA;46019;VALENCIA;ES;ESS4611001A.G09.G0902.G090202.G090202004
G090202005;RF;SERVICIO PSICOPEDAGOGICO ESCOLAR (V03) SAGUNT;C. ALBALAT 1-2;SAGUNT;46500;VALENCIA;ES;ESS4611001A.G09.G0902.G090202.G090202005
G090202006;RF;SERVICIO PSICOPEDAGOGICO ESCOLAR (V04) TORRENT;C. SAN JUAN BAUTISTA 22;TORRENT;46900;VALENCIA;ES;ESS4611001A.G09.G0902.G090202.G090202006
G090202007;RF;SERVICIO PSICOPEDAGOGICO ESCOLAR (V05) GANDIA;C. LA PEDRERA S/N;GANDIA;46701;VALENCIA;ES;ESS4611001A.G09.G0902.G090202.G090202007
G090202008;RF;SERVICIO PSICOPEDAGOGICO ESCOLAR (V07) LLIRIA;AV. PLA DE L'ARC 62;LLIRIA;46160;VALENCIA;ES;ESS4611001A.G09.G0902.G090202.G090202008
G090202009;RF;SERVICIO PSICOPEDAGOGICO ESCOLAR (V08) BUÑOL;C. GARCÉS VERICAT, 12;BUÑOL;46360;VALENCIA;ES;ESS4611001A.G09.G0902.G090202.G090202009
G090202010;RF;SERVICIO PSICOPEDAGOGICO ESCOLAR (V09) XATIVA;C. PINTOR JUAN FRANCES GANDIA 1;XATIVA;46800;VALENCIA;ES;ESS4611001A.G09.G0902.G090202.G090202010
G090202011;RF;SERVICIO PSICOPEDAGOGICO ESCOLAR (V10) VALENCIA STO.CALIZ;C. PINTOR GASSENT 3;VALENCIA;46013;VALENCIA;ES;ESS4611001A.G09.G0902.G090202.G090202011
G090202012;RF;SERVICIO PSICOPEDAGOGICO ESCOLAR (V11) VALENCIA TIRANT LO BLANCH;C/ TIRANT LO BLANCH 3;VALENCIA;46013;VALENCIA;ES;ESS4611001A.G09.G0902.G090202.G090202012
G090202013;RF;SERVICIO PSICOPEDAGOGICO ESCOLAR (V12) VALENCIA  GASPAR GIL POLO;C. MIGUEL PAREDES 5;VALENCIA;46018;VALENCIA;ES;ESS4611001A.G09.G0902.G090202.G090202013
G090202014;RF;SERVICIO PSICOPEDAGOGICO ESCOLAR (V14) QUART DE POBLET;C. XIQUET DE QUART 4;QUART DE POBLET;46930;VALENCIA;ES;ESS4611001A.G09.G0902.G090202.G090202014
G090202015;RF;SERVICIO PSICOPEDAGOGICO ESCOLAR (V15) ONTINYENT;CV-665 KM. 1;ONTINYENT;46870;VALENCIA;ES;ESS4611001A.G09.G0902.G090202.G090202015
G090202016;RF;SERVICIO PSICOPEDAGOGICO ESCOLAR (V16) ALBERIC;PL CONSTITUCIÓ 11;ALBERIC;46260;VALENCIA;ES;ESS4611001A.G09.G0902.G090202.G090202016
G090202075;RF;SUBDIRECCIÓN GENERAL DE POLÍTICA LINGÜISTICA;AV. CAMPANAR, 32;VALENCIA;46015;VALENCIA;ES;ESS4611001A.G09.G0902.G090202.G090202075
G090202136;RF;SERVICIO PSICOPEDAGOGICO ESCOLAR (A06) ORIHUELA;PL  MARQUES DE RAFAL Subida San Antonio, 1;ORIHUELA;03300;ALICANTE;ES;ESS4611001A.G09.G0902.G090202.G090202136
G090202154;RF;SERVICIO PSICOPEDAGOGICO ESCOLAR (A09) IBI;C. VICENTE ALEXANDRE 12;IBI;03440;ALICANTE;ES;ESS4611001A.G09.G0902.G090202.G090202154
G090202155;RF;SERVICIO PSICOPEDAGOGICO ESCOLAR (C05) SEGORBE;C/ ORFELINO ALMELA 10;SEGORBE;12400;CASTELLON;ES;ESS4611001A.G09.G0902.G090202.G090202155
G090202156;RF;SERVICIO PSICOPEDAGOGICO ESCOLAR (V06) ALZIRA;AV. LUIS SUÑER 23;ALZIRA;46600;VALENCIA;ES;ESS4611001A.G09.G0902.G090202.G090202156
G090202243;RF;SUBDIRECCIÓN GENERAL DE INNOVACIÓN Y CALIDAD EDUCATIVA;AV. CAMPANAR, 32;VALENCIA;46015;VALENCIA;ES;ESS4611001A.G09.G0902.G090202.G090202243
G090202017;RFM;CEFIRE TORRENTE Centro de Formación, Innovación y Recursos Educativos;C/ Policía Local s/n;Torrente;46900;Valencia;ES;ESS4611001A.G09.G0902.G090202.G090202243.G090202017
G090202018;RFM;CEFIRE ORIHUELA (Centro Formación, Innovación y Recursos Educativos);Av. Doctor García Rogel s/n;Orihuela;03300;Alicante;ES;ESS4611001A.G09.G0902.G090202.G090202243.G090202018
G090202019;RFM;CEFIRE VINAROZ (Centro de Formación, Innovación y Recursos Educativos);Av. Libertad 2D;Vinaroz;12500;Castellón;ES;ESS4611001A.G09.G0902.G090202.G090202243.G090202019
G090202020;RFM;CEFIRE VALENCIA (Centro de Formación, Innovación y Recursos Educativ.);C/Paco Pierra, 20;Valencia;46013;Valencia;ES;ESS4611001A.G09.G0902.G090202.G090202243.G090202020
G090202021;RFM;CEFIRE ELDA (centro de Formación, Innovación y Rcursos Educativos);C/San Crispín, 14;Elda;03600;Alicante;ES;ESS4611001A.G09.G0902.G090202.G090202243.G090202021
G090202022;RFM;CEFIRE ALICANTE (Centro de Formación, Innovación y Recursos Educativ.);C/ Bahía,2;Alicante;03008;Alicante;ES;ESS4611001A.G09.G0902.G090202.G090202243.G090202022
G090202137;RFM;CEFIRE CHESTE (Centro de Formación, Innovación y Recursos Educativos);Ctra. CV378 Km. 0,300;Cheste;46380;Valencia;ES;ESS4611001A.G09.G0902.G090202.G090202243.G090202137
G090202244;RF;SERVICIO DE FORMACIÓN DEL PROFESORADO;AV. CAMPANAR 32;VALENCIA;46015;VALENCIA;ES;ESS4611001A.G09.G0902.G090202.G090202243.G090202244
G090202279;RFM;CEFIRE JÁTIVA (Centro de Formación, Innovación y Recursos Educativos);Av. Pintor Juan Francés Gandía (EOI);Játiva;46800;Valencia;ES;ESS4611001A.G09.G0902.G090202.G090202243.G090202279
G090202289;RFM;CEFIRE CASTELLÓN (Centro de Formción, Innovación y Recursos Educativ.);C/ José Pradas Gallén s/n;Castellón de la Plana;12006;Castellón;ES;ESS4611001A.G09.G0902.G090202.G090202243.G090202289
G090202256;RF; SERVICIO PSICOPEDAGOGICO ESCOLAR (A02) ELX ;AV. MESTRE MELCHOR BOTELLA 10;ELX;03206;ALICANTE;ES;ESS4611001A.G09.G0902.G090202.G090202256
G090202257;RF;SERVICIO PSICOPEDAGOGICO ESCOLAR (A03) ALCOI;C. MESTRE JOSE RIBERA MONTES 10;ALCOI;03802;ALICANTE;ES;ESS4611001A.G09.G0902.G090202.G090202257
G090202258;RF;SERVICIO PSICOPEDAGOGICO ESCOLAR (A04) ELDA;C. GUILLEN TATO 26;ELDA;03600;ALICANTE;ES;ESS4611001A.G09.G0902.G090202.G090202258
G090202259;RF;SERVICIO PSICOPEDAGOGICO ESCOLAR (A05) ALTEA;PL. DELS FURS 1;ALTEA;03590;ALICANTE;ES;ESS4611001A.G09.G0902.G090202.G090202259
G090202260;RF;SERVICIO PSICOPEDAGOGICO ESCOLAR (A08) ELX;AV. MESTRE MELCHOR BOTELLA 10;ELX;03206;ALICANTE;ES;ESS4611001A.G09.G0902.G090202.G090202260
G090202261;RF;SERVICIO PSICOPEDAGOGICO ESCOLAR (A10) NOVELDA;PL DE ESPAÑA 14 -2;NOVELDA;03660;ALICANTE;ES;ESS4611001A.G09.G0902.G090202.G090202261
G090202262;RF;SERVICIO PSICOPEDAGOGICO ESCOLAR (A12) ALMORADI;C. TORREVIEJA 3;ALMORADI;31660;ALICANTE;ES;ESS4611001A.G09.G0902.G090202.G090202262
G090202263;RF;SERVICIO PSICOPEDAGOGICO ESCOLAR (C04) CASTELLO DE LA PLANA;C. JOSE PRADAS GALLEN S/N;CASTELLON;12006;CASTELLON;ES;ESS4611001A.G09.G0902.G090202.G090202263
G090202278;RF;SERVICIO PSICOPEDAGOGICO ESCOLAR (A11) DENIA;C. 9 DE OCTUBRE 4-B;DENIA;03700;ALICANTE;ES;ESS4611001A.G09.G0902.G090202.G090202278
G090202319;RF;SUBDIRECCIÓN GENERAL DE ORDENACIÓN;AV. CAMPANAR, 32;VALENCIA;46015;VALENCIA;ES;ESS4611001A.G09.G0902.G090202.G090202319
G090202322;RF;SERVICIO PSICOPEDAGOGICO ESCOLAR (A01) ALICANTE;C/GERONA 4;ALICANTE;03001;ALICANTE;ES;ESS4611001A.G09.G0902.G090202.G090202322
G090202323;RF;SERVICIO PSICOPEDAGOGICO ESCOLAR (A07) ALICANTE;C/ GERONA 4;ALICANTE;03001;ALICANTE;ES;ESS4611001A.G09.G0902.G090202.G090202323
G090202324;RF;SERVICIO PSICOPEDAGOGICO ESCOLAR (C01) VINAROS;C. AMADIS DE GAULA 7;VINAROS;12500;CASTELLON;ES;ESS4611001A.G09.G0902.G090202.G090202324
G090202325;RF;SERVICIO PSICOPEDAGOGICO ESCOLAR (V17) UTIEL;C. BEATO GALVEZ 4;UTIEL;46300;VALENCIA;ES;ESS4611001A.G09.G0902.G090202.G090202325
G090202330;RF;SERVICIO PSICOPEDAGOGICO ESCOLAR (V13) BURJASSOT;PL NOU D'OCTUBRE 11;BURJASSOT;46100;VALENCIA;ES;ESS4611001A.G09.G0902.G090202.G090202330
G090203;NR;DIRECCIÓN GENERAL DE FORMACIÓN PROFESIONAL Y ENS. REGIMEN ESPECIAL;AV. CAMPANAR, 32;VALENCIA;46015;VALENCIA;ES;ESS4611001A.G09.G0902.G090203
G090203246;RF;SUBD.GRAL DE GESTIÓN DE LA FOR. PROF. Y ENSEÑANZAS DE RÉGIMEN ESPECIAL;AV. CAMPANAR, 32;VALENCIA;46015;VALENCIA;ES;ESS4611001A.G09.G0902.G090203.G090203246
G090204;NR;DIRECCIÓN GENERAL DE UNIVERSIDADES, ESTUDIOS SUPERIORES Y CIENCIA;AV. CAMPANAR, 32;VALENCIA;46015;VALENCIA;ES;ESS4611001A.G09.G0902.G090204
G090204245;RF;SERVICIO GESTÍÓN ECONÓMICO-PRESUPUESTARIA DE LAS UNIVERSIDADES;AV. CAMPANAR, 32;VALENCIA;46015;VALENCIA;ES;ESS4611001A.G09.G0902.G090204.G090204245
G090204255;RFM;INSTITUTO SUPERIOR ENSEÑANZAS ARTISTICAS DE LA C.V.;C/ GENERO LAHUERTA 25;VALENCIA;46010;VALENCIA;ES;ESS4611001A.G09.G0902.G090204.G090204255
G090204277;RF;SERVICIO DE POLÍTICA CIENTÍFICA;AV. CAMPANAR, 32;VALENCIA;46015;VALENCIA;ES;ESS4611001A.G09.G0902.G090204.G090204277
G0902135;RF;CONSELL ESCOLAR VALENCIA;AV. CAMPANAR 32;VALENCIA;46015;VALENCIA;ES;ESS4611001A.G09.G0902.G0902135
G0903;NR;SECRETARÍA AUTONÓMICA DE CULTURA Y DEPORTE;AV. CAMPANAR, 32;VALENCIA;46015;VALENCIA;ES;ESS4611001A.G09.G0903
G090301;NR;DIRECCIÓN GENERAL DE CULTURA;AV. CAMPANAR, 32;VALENCIA;46015;VALENCIA;ES;ESS4611001A.G09.G0903.G090301
G090301073;RF;SUBDIRECCIÓN GENERAL DE PATRIMONIO CULTURAL Y MUSEOS;AV. CAMPANAR, 32;VALENCIA;46015;VALENCIA;ES;ESS4611001A.G09.G0903.G090301.G090301073
G090301268;RFM;MUSEO BELLAS ARTES;C/ SAN PIO 9;VALENCIA;46010;VALENCIA;ES;ESS4611001A.G09.G0903.G090301.G090301073.G090301268
G090301368;RFM;MUSEO DE ARQUEOLOGÍA DE SAGUNTO;C/ del Castillo s/n;Sagunto;46500;Valencia;ES;ESS4611001A.G09.G0903.G090301.G090301073.G090301368
G090301369;RFM;MUSEO DE LA VALLTORTA;Pla de l'Hom s/n;Tírig;12179;Castellón;ES;ESS4611001A.G09.G0903.G090301.G090301073.G090301369
G090301370;RFM;CENTRO DE ARQUEOLOGÍA SUBACUATICA DE LA COMUNIDAD VALENCIANA;Av. de la Mediterránea s/n (Antigua casa edl ingeniero del puerto);Puerto de Burriana;12530;Castellón;ES;ESS4611001A.G09.G0903.G090301.G090301073.G090301370
G090301074;RF;SERVICIO DE PROMOCION CULTURAL Y APOYO TÉCNICO;AV. CAMPANAR, 32;VALENCIA;46015;VALENCIA;ES;ESS4611001A.G09.G0903.G090301.G090301074
G090301082;RF;SERVICIO DE COORDINACIÓN DE ENTIDADES CULTURALES Y AYUDAS;AV. CAMPANAR, 32;VALENCIA;46015;VALENCIA;ES;ESS4611001A.G09.G0903.G090301.G090301082
G090301289;RFM;SUBDIRECCIÓN GENERAL DEL LIBRO, ARCHIVOS Y BIBLIOTECAS;AV. CAMPANAR, 32;VALENCIA;46015;VALENCIA;ES;ESS4611001A.G09.G0903.G090301.G090301289
G090301094;RFM;ARCHIVO DEL REINO;PASEO ALAMEDA 22;VALENCIA;46010;VALENCIA;ES;ESS4611001A.G09.G0903.G090301.G090301289.G090301094
G090301095;RFM;ARCHIVO HISTORICO PROVINCIAL DE ALICANTE;C/ GUILLEN DE CASTRO 3;ALICANTE;03007;ALICANTE;ES;ESS4611001A.G09.G0903.G090301.G090301289.G090301095
G090301096;RFM;BIBLIOTECA PUBLICA DE ALICANTE;PASEO DE RAMIRO 15;ALICANTE;03012;ALICANTE;ES;ESS4611001A.G09.G0903.G090301.G090301289.G090301096
G090301097;RFM;BIBLIOTECA PUBLICA DE ORIHUELA;PZ. MARQUES DE RAFAL 1;ORIHUELA;03300;ALICANTE;ES;ESS4611001A.G09.G0903.G090301.G090301289.G090301097
G090301098;RFM;BIBLIOTECA PUBLICA DE CASTELLON;C/ RAFALAFENA 29;CASTELLON;12003;CASTELLON;ES;ESS4611001A.G09.G0903.G090301.G090301289.G090301098
G090301294;RFM;BIBLIOTECA PÚBLICA DE VALENCIA;C/ HOSPITAL 13;VALENCIA;46001;VALENCIA;ES;ESS4611001A.G09.G0903.G090301.G090301289.G090301294
G090302;RF;DIRECCIÓN GENERAL DEL DEPORTE;AV. CAMPANAR, 32;VALENCIA;46015;VALENCIA;ES;ESS4611001A.G09.G0903.G090302
G0906250;RF;DIRECCIÓN TERRITORIAL EDUCACIÓN, CULTURA Y DEPORTE ALICANTE;C/ CARRATALÁ 47;ALICANTE;03007;ALICANTE;ES;ESS4611001A.G09.G0906250
G0907153;RF;DIRECCIÓN TERRITORIAL DE EDUCACIÓN, CULTURA Y DEPORTE CASTELLÓN;AV. MAR 23;CASTELLON;12003;CASTELLON;ES;ESS4611001A.G09.G0907153
G0908321;RF;DIRECCION TERRITORIAL EDUCACIÓN, CULTURA Y DEPORTE VALENCIA;C/ GREGORIO GEA 14;VALENCIA;46009;VALENCIA;ES;ESS4611001A.G09.G0908321
G10;NR;SANIDAD;;;;;ES;ESS4611001A.G10
G1001;NR;CONSELLERÍA;C/ MICER MASCO, 31-33;VALENCIA;46010;VALENCIA;ES;ESS4611001A.G10.G1001
G100001000;RF;SUBSECRETARIA C. S;C/ MICER MASCO, 31-33;VALENCIA;46010;VALENCIA;ES;ESS4611001A.G10.G1001.G100001000
G100001800;RF;SECRETARIA AUTONOMICA DE SANIDAD;C/ MICER MASCO, 31-33;VALENCIA;46010;VALENCIA;ES;ESS4611001A.G10.G1001.G100001800
G100002100;RF;E.V.E.S;C/ JUAN DE GARAY, 21;VALENCIA;46017;VALENCIA;ES;ESS4611001A.G10.G1001.G100002100
G100003100;RF;SISTEMAS DE INFORMACION PARA LA SALUD;C/ MICER MASCÓ 31-33;VALENCIA;46010;VALENCIA;ES;ESS4611001A.G10.G1001.G100003100
G100004000;RF;D.G. RECURSOS ECONÓMICOS;C/ MICER MASCÓ, 31-33;VALENCIA;46010;VALENCIA;ES;ESS4611001A.G10.G1001.G100004000
G100004100;RF;D.G. R. HUMANOS DE LA SANIDAD;C/ MICER MASCO, 31-3;VALENCIA;46010;VALENCIA;ES;ESS4611001A.G10.G1001.G100004100
G100030000;RF;DIRECCION TERRITORIAL DE ALICANTE;C/ GERONA, 26;ALICANTE;03001;ALICANTE;ES;ESS4611001A.G10.G1001.G100030000
G100050000;RF;DIRECCION TERRITORIAL DE CASTELLON;PLAZA HUERTO SOGUEROS, 12;CASTELLON DE LA PLANA;12001;CASTELLÓN;ES;ESS4611001A.G10.G1001.G100050000
G100080000;RF;DIRECCION TERRITORIAL DE VALENCIA;GRAN VIA FERNANDO EL CATOLICO, 74;VALENCIA;46008;VALENCIA;ES;ESS4611001A.G10.G1001.G100080000
G1002;NR;INSTITUCIONES SANITARIAS DE LA CONSELLERIA DE SANIDAD;C/ MICER MASCO, 31-33;VALENCIA;46010;VALENCIA;ES;ESS4611001A.G10.G1002
G100001100;RF;D.G. DE ORDENACIÓN, EVALUACIÓN, INVESTIGACIÓN, CALIDAD Y AT.  PACIENTE;C/ MICER MASCÓ, 31-33;VALENCIA;46010;VALENCIA;ES;ESS4611001A.G10.G1002.G100001100
G100001200;RF;D.G. ASISTENCIA SANITARIA;C/ MICER MASCÓ, 31-33;VALENCIA;46010;VALENCIA;ES;ESS4611001A.G10.G1002.G100001200
G100001500;RF;DROGODEPENDENCIAS;C/ MICER MASCÓ, 31-33;VALENCIA;46010;VALENCIA;ES;ESS4611001A.G10.G1002.G100001500
G100021000;RF;S. E. S. ALICANTE;C/ AAIUN S/N;ALICANTE;03010;ALICANTE;ES;ESS4611001A.G10.G1002.G100021000
G100022007;RF;COMISIONADO DPTO. SALUD MARINA ALTA;PRF DENIA;DENIA;46800;VALENCIA;ES;ESS4611001A.G10.G1002.G100022007
G100028007;RF;COMISIONADO DPTO. SALUD ELX-CREVILLENT;COMISIONADO DPTO. SALUD ELX-CREVILLENT;ELCHE;03330;ALICANTE;ES;ESS4611001A.G10.G1002.G100028007
G100029007;RF;COMISIONADO DPTO. SALUD TORREVIEJA;CTRA. CV-95 S/N;TORREVIEJA;03180;ALICANTE;ES;ESS4611001A.G10.G1002.G100029007
G100046000;RF;S. E. S. CASTELLON;CUADRA COLLET, 32 (PARTIDA BOVALAR);CASTELLON DE LA PLANA;12004;CASTELLON;ES;ESS4611001A.G10.G1002.G100046000
G100056;NR;DPTO. DE SALUD DE VALENCIA - ARNAU VILANOVA - LLIRIA;C/ SAN CLEMENTE, 12;VALENCIA;46015;VALENCIA;ES;ESS4611001A.G10.G1002.G100056
G100056000;RF;DPTO. DE SALUD DE VALENCIA - ARNAU VILANOVA - LLIRIA;C/ SAN CLEMENTE, 12;VALENCIA;46015;VALENCIA;ES;ESS4611001A.G10.G1002.G100056.G100056000
G100062;NR;DPTO. DE SALUD DE X. - ONTINYENT;AVDA. FRANCISCO CERDA REIG, 3;ONTINYENT;46870;VALENCIA;ES;ESS4611001A.G10.G1002.G100062
G100062000;RF;DPTO. DE SALUD X. - ONTINYENT;AVDA. FRANCISCO CERDA, 3;ONTINYENT;46870;VALENCIA;ES;ESS4611001A.G10.G1002.G100062.G100062000
G100069010;RF;COMISIONADO DPTO. SALUD DE MANISES;C/ DOLORES IBARRURI, 3;MANISES;46920;VALENCIA;ES;ESS4611001A.G10.G1002.G100069010
G100073000;RF;COMISIONADO DPTO. SALUD LA RIBERA;CTRA ALZIRA-CORBERA KM. 1 S/N;ALZIRA;46600;VALENCIA;ES;ESS4611001A.G10.G1002.G100073000
G100076000;RF;S. E. S. VALENCIA;AVDA.CAMPANAR, 21 ESC. ENFERMERIA 5;VALENCIA;46009;VALENCIA;ES;ESS4611001A.G10.G1002.G100076000
G1002014;NR;D.G. FARMACIA Y PRODUCTOS SANITARIOS;C/ MICER MASCÓ, 31-33;VALENCIA;46010;VALENCIA;ES;ESS4611001A.G10.G1002.G1002014
G100001400;RF;D.G. FARMACIA Y PRODUCTOS SANITARIOS;C/ MICER MASCÓ, 31-33;VALENCIA;46010;VALENCIA;ES;ESS4611001A.G10.G1002.G1002014.G100001400
G100001401;RF;ASISTENCIA ORTOPROTESICA;MICER MASCO, 31-33;VALENCIA;46010;VALENCIA;ES;ESS4611001A.G10.G1002.G1002014.G100001401
G100090100;RF;S.P.A.F. (SERVICIO DE PROVISION Y ASISTENCIA FARMACEUTICA);C/ MICER MASCO, 31-33;VALENCIA;46010;VALENCIA;ES;ESS4611001A.G10.G1002.G1002014.G100090100
G100211;NR;DPTO. DE SALUD DE ALICANTE - HOSPITAL GRAL.;AVDA PINTOR BAEZA, 12;ALICANTE;03010;ALICANTE;ES;ESS4611001A.G10.G1002.G100211
G100011000;RF;DPTO. DE SALUD DE ALICANTE - HOSPITAL GRAL.;AVDA. PINTOR BAEZA, 12;ALICANTE;03010;ALICANTE;ES;ESS4611001A.G10.G1002.G100211.G100011000
G100212;NR;DPTO. DE SALUD DE ALICANTE - SAN JUAN;CTRA. NACIONAL 332 S/N;SAN JUAN DE ALICANTE;03550;ALICANTE;ES;ESS4611001A.G10.G1002.G100212
G100012000;RF;DPTO. DE SALUD DE ALICANTE - SAN JUAN;CTRA. NACIONAL 332 S/N;SAN JUAN DE ALICANTE;03550;ALICANTE;ES;ESS4611001A.G10.G1002.G100212.G100012000
G100213;NR;DPTO. DE SALUD DE ALCOI;POLIGONO DE CARAMANCHEL S/N;ALCOI;03804;ALICANTE;ES;ESS4611001A.G10.G1002.G100213
G100013000;RF;DPTO. DE SALUD DE ALCOI;POLIGONO DE CARAMANCHEL S/N;ALCOI;03804;ALICANTE;ES;ESS4611001A.G10.G1002.G100213.G100013000
G100214;NR;DPTO. DE SALUD DE ELCHE;CAMI DE LA ALMASSERA, 11;ELCHE;03203;ALICANTE;ES;ESS4611001A.G10.G1002.G100214
G100014000;RF;DPTO. DE SALUD DE ELCHE;CAMI DE LA ALMASSERA, 11;ELCHE;03203;ALICANTE;ES;ESS4611001A.G10.G1002.G100214.G100014000
G100215;NR;DPTO. DE SALUD DE ELDA;CTRA. ELDA - SAX LA TORRETA;ELDA;03600;ALICANTE;ES;ESS4611001A.G10.G1002.G100215
G100015000;RF;DPTO. DE SALUD DE ELDA;CTRA. ELDA - SAX LA TORRETA;ELDA;03600;ALICANTE;ES;ESS4611001A.G10.G1002.G100215.G100015000
G100216;NR;HOSPITAL LA PEDRERA;PARTIDA PLANA ESTE, Nº 4;DENIA;03700;ALICANTE;ES;ESS4611001A.G10.G1002.G100216
G100016000;RF;HOSPITAL LA PEDRERA;PARTIDA PLANA ESTE, Nº 4;DÉNIA;03700;ALICANTE;ES;ESS4611001A.G10.G1002.G100216.G100016000
G100217;NR;DPTO. DE SALUD DE LA MARINA BAIXA;PARTIDA GALANDU, 5;LA VILA-JOIOSA;03570;ALICANTE;ES;ESS4611001A.G10.G1002.G100217
G100017000;RF;DPTO. DE SALUD DE LA MARINA BAIXA;PARTIDA GALANDU, 5;LA VILA-JOIOSA;03570;ALICANTE;ES;ESS4611001A.G10.G1002.G100217.G100017000
G100218;NR;HOSPITAL DE SAN VICENTE DEL RASPEIG;C/ LILLO JUAN, 137;SAN VICENTE DEL RASPEIG;03690;ALICANTE;ES;ESS4611001A.G10.G1002.G100218
G100018000;RF;HOSPITAL DE SAN VICENTE DEL RASPEIG;C/ LILLO JUAN, 137;SAN VICENTE DEL RASPEIG;03690;ALICANTE;ES;ESS4611001A.G10.G1002.G100218.G100018000
G100219;NR;DPTO. DE SALUD DE ORIHUELA;CTRA. ORIHUELA - ALMORADI S/N;ORIHUELA;03314;ALICANTE;ES;ESS4611001A.G10.G1002.G100219
G100019000;RF;DPTO. DE SALUD DE ORIHUELA;CTRA. ORIHUELA - ALMORADI S/N;ORIHUELA;03314;ALICANTE;ES;ESS4611001A.G10.G1002.G100219.G100019000
G100231;NR;DPTO. DE SALUD DE CASTELLÓN;AVDA. BENICASSIM, S/N;CASTELLÓN DE LA PLANA;12004;CASTELLÓN;ES;ESS4611001A.G10.G1002.G100231
G100031000;RF;DPTO. DE SALUD DE CASTELLÓN;AVDA. BENICASSIM, S/N;CASTELLÓN DE LA PLANA;12004;CASTELLÓN;ES;ESS4611001A.G10.G1002.G100231.G100031000
G100232;NR;DPTO. DE SALUD DE LA PLANA;CRTRA. VILLARREAL A BURRIANA, KM 0,5;VILLARREAL;12540;CASTELLON;ES;ESS4611001A.G10.G1002.G100232
G100032000;RF;DPTO. DE SALUD DE LA PLANA;CRTRA. VILLARREAL A BURRIANA, KM 0,5;VILLARREAL;12540;CASTELLON;ES;ESS4611001A.G10.G1002.G100232.G100032000
G100233;NR;HOSPITAL LA MAGDALENA;CUADRA COLLET, 32 (PARTIDA BOVALAR);CASTELLÓN DE LA PLANA;12004;CASTELLÓN;ES;ESS4611001A.G10.G1002.G100233
G100033000;RF;HOSPITAL LA MAGDALENA;CUADRA COLLET, 32 (PARTIDA BOVALAR);CASTELLÓN DE LA PLANA;12004;CASTELLÓN;ES;ESS4611001A.G10.G1002.G100233.G100033000
G100234;NR;DPTO. DE SALUD DE VINARÓS;AVDA. GIL DE ATROCILLO S/N;VINAROZ;12500;CASTELLÓN;ES;ESS4611001A.G10.G1002.G100234
G100034000;RF;DPTO. DE SALUD DE VINARÓS;AVDA. GIL DE ATROCILLO S/N;VINAROZ;12500;CASTELLÓN;ES;ESS4611001A.G10.G1002.G100234.G100034000
G100251;NR;DPTO. DE SALUD DE VALENCIA LA FE;AVD. FERNANDO ABRIL MARTORELL, 106;VALENCIA;46026;VALENCIA;ES;ESS4611001A.G10.G1002.G100251
G100051000;RF;DPTO. DE SALUD DE VALENCIA LA FE;AVD. FERNANDO ABRIL MARTORELL, 106;VALENCIA;46026;VALENCIA;ES;ESS4611001A.G10.G1002.G100251.G100051000
G100253;NR;DPTO. DE SALUD DE VALENCIA - DR. PESET;AVDA. GASPAR AGUILAR, 90;VALENCIA;46017;VALENCIA;ES;ESS4611001A.G10.G1002.G100253
G100053000;RF;DPTO. DE SALUD VALENCIA - DR. PESET;AVDA. GASPAR AGUILAR, 90;VALENCIA;46017;VALENCIA;ES;ESS4611001A.G10.G1002.G100253.G100053000
G100254;NR;DPTO. DE SALUD DE REQUENA;PARAJE CASA BLANCA S/N;REQUENA;46340;VALENCIA;ES;ESS4611001A.G10.G1002.G100254
G100054000;RF;DPTO. DE SALUD DE REQUENA;PARAJE CASA BLANCA S/N;REQUENA;46340;VALENCIA;ES;ESS4611001A.G10.G1002.G100254.G100054000
G100255;NR;DPTO. DE SALUD DE GANDIA;PASEO GERMANIAS, 71;GANDIA;46700;VALENCIA;ES;ESS4611001A.G10.G1002.G100255
G100055000;RF;DPTO. DE SALUD DE GANDIA;PASEO GERMANIAS, 71;GANDIA;46700;VALENCIA;ES;ESS4611001A.G10.G1002.G100255.G100055000
G100257;NR;DPTO. DE SALUD DE SAGUNTO;AVDA. RAMON Y CAJAL S/N HOSPITAL SAGUNTO;SAGUNT;46520;VALENCIA;ES;ESS4611001A.G10.G1002.G100257
G100057000;RF;DPTO. DE SALUD DE SAGUNTO;AVDA. RAMON Y CAJAL S/N HOSPITAL SAGUNTO;SAGUNT;46520;VALENCIA;ES;ESS4611001A.G10.G1002.G100257.G100057000
G100258;NR;DPTO. DE SALUD DE XATIVA - O.;CTRA. XATIVA - SILLA KM. 2;XATIVA;46800;VALENCIA;ES;ESS4611001A.G10.G1002.G100258
G100058000;RF;DPTO. DE SALUD XATIVA - O.;CTRA. XATIVA - SILLA KM. 2;XATIVA;46800;VALENCIA;ES;ESS4611001A.G10.G1002.G100258.G100058000
G100259;NR;HOSPITAL DOCTOR MOLINER;PORTA-COELI S/N;SERRA;46118;VALENCIA;ES;ESS4611001A.G10.G1002.G100259
G100059000;RF;HOSPITAL DOCTOR MOLINER;PORTA-COELI S/N;SERRA;46118;VALENCIA;ES;ESS4611001A.G10.G1002.G100259.G100059000
G100261;NR;DPTO. DE SALUD DE VALENCIA C. - MALVARROSA;AVDA. BLASCO IBAÑEZ, 17;VALENCIA;46010;VALENCIA;ES;ESS4611001A.G10.G1002.G100261
G100061000;RF;DPTO. DE SALUD VALENCIA C. - MALVARROSA;C/ ISABEL DE VILLENA, 2;VALENCIA;46011;VALENCIA;ES;ESS4611001A.G10.G1002.G100261.G100061000
G100263;NR;DPTO. DE SALUD DE VALENCIA CLINICO - M.;AVDA. BLASCO IBAÑEZ, 17;VALENCIA;46010;VALENCIA;ES;ESS4611001A.G10.G1002.G100263
G100063000;RF;DPTO. DE SALUD VALENCIA CLINICO - M.;AVDA. BLASCO IBAÑEZ, 17;VALENCIA;46010;VALENCIA;ES;ESS4611001A.G10.G1002.G100263.G100063000
G1002645;NR;HOSPITAL PADRE JOFRE;C/ SAN LAZARO, S/N;VALENCIA;46017;VALENCIA;ES;ESS4611001A.G10.G1002.G1002645
G100064500;RF;HOSPITAL PADRE JOFRE;C/ SAN LAZARO, S/N;VALENCIA;46017;VALENCIA;ES;ESS4611001A.G10.G1002.G1002645.G100064500
G100278;NR;CENTRO DE TRANSFUSION DE LA COMUNITAT VALENCIANA;AVDA. DEL CID, 65 ACCESORIO;VALENCIA;46014;VALENCIA;ES;ESS4611001A.G10.G1002.G100278
G100078000;RF;CENTRO DE TRANSFUSION DE LA COMUNITAT VALENCIANA;AVDA. DEL CID, 65 ACCESORIO;VALENCIA;46014;VALENCIA;ES;ESS4611001A.G10.G1002.G100278.G100078000
G100650;NR;DPTO. SALUD DE VALENCIA - HOSPITAL GRAL;AVDA. TRES CRUCES, S/N;VALENCIA;46018;VALENCIA;ES;ESS4611001A.G10.G1002.G100650
G100065000;RF;CONSORCIO HOSPITAL GENERAL DE VALENCIA;AVDA. TRES CRUCES, S/N;VALENCIA;46018;VALENCIA;ES;ESS4611001A.G10.G1002.G100650.G100065000
G1003;NR;SALUD PÚBLICA;C/ MICER MASCO, 31-33;VALENCIA;46010;VALENCIA;ES;ESS4611001A.G10.G1003
G100022500;RF;SALUD PUBLICA DENIA;PLAZA SAN JAUME I, 5;DENIA;03700;ALICANTE;ES;ESS4611001A.G10.G1003.G100022500
G100023500;RF;SALUD PUBLICA ALCOI;C/ LA ALAMEDA, 41;ALCOI;03800;ALICANTE;ES;ESS4611001A.G10.G1003.G100023500
G100024500;RF;SALUD PUBLICA BENIDORM;C/ TOMAS ORTUÑO, 69 - 4ª PLANTA;BENIDORM;03501;ALICANTE;ES;ESS4611001A.G10.G1003.G100024500
G100026500;RF;SALUD PUBLICA ELDA;C/ MAGALLANES, 16;ELDA;03600;ALICANTE;ES;ESS4611001A.G10.G1003.G100026500
G100027500;RF;SALUD PUBLICA ALICANTE;PLAZA DE ESPAÑA, 6;ALICANTE;03010;ALICANTE;ES;ESS4611001A.G10.G1003.G100027500
G100028500;RF;SALUD PUBLICA ELCHE;C/ ANTONIO MORA FERRANDEZ, S/N;ELCHE;03202;ALICANTE;ES;ESS4611001A.G10.G1003.G100028500
G100029500;RF;SALUD PUBLICA ORIHUELA;CTRA. ORIHUELA - ALMORADI, S/N;ORIHUELA;03314;ALICANTE;ES;ESS4611001A.G10.G1003.G100029500
G100041500;RF;SALUD PUBLICA BENICARLO;C/ PEÑISCOLA, 21;BENICARLO;12580;CASTELLON;ES;ESS4611001A.G10.G1003.G100041500
G100042500;RF;SALUD PUBLICA CASTELLÓN;AVDA. DEL MAR, 12;CASTELLÓN DE LA PLANA;12003;CASTELLÓN;ES;ESS4611001A.G10.G1003.G100042500
G100067500;RF;SALUD PUBLICA VALENCIA CLINICO;C/ CASTÁN TOBEÑAS, 77. CIUDAD ADMINISTRATIVA 9 D'OCTUBRE. EDIF B (B-1);VALENCIA;46018;VALENCIA;ES;ESS4611001A.G10.G1003.G100067500
G100069500;RF;SALUD PUBLICA MANISES;CERAMISTA ALFONS BLAT, 6;MANISES;46940;VALENCIA;ES;ESS4611001A.G10.G1003.G100069500
G100070500;RF;SALUD PUBLICA UTIEL;PL. ESCUELAS PIAS, 1;UTIEL;46300;VALENCIA;ES;ESS4611001A.G10.G1003.G100070500
G100071500;RF;SALUD PUBLICA TORRENT;C/ CHIRIVELLA, 23 - 2º;TORRENT;46900;VALENCIA;ES;ESS4611001A.G10.G1003.G100071500
G100072500;RF;SALUD PUBLICA DE CATARROJA;C/ PAZ S/N;ALZIRA;46600;VALENCIA;ES;ESS4611001A.G10.G1003.G100072500
G100073500;RF;SALUD PUBLICA ALZIRA;C/ PAZ. S/N;ALZIRA;46600;VALENCIA;ES;ESS4611001A.G10.G1003.G100073500
G100074500;RF;SALUD PUBLICA GANDIA;C/ DUQUE CARLOS DE BORJA, 19;GANDIA;46701;VALENCIA;ES;ESS4611001A.G10.G1003.G100074500
G100075500;RF;SALUD PUBLICA XATIVA;PLAZA LA SEU, 2;XATIVA;46800;VALENCIA;ES;ESS4611001A.G10.G1003.G100075500
G100302;NR;D.GENERAL DE SALUD PÚBLICA;AV. CATALUÑA, 21;VALENCIA;46020;VALENCIA;ES;ESS4611001A.G10.G1003.G100302
G100002000;RF;D.G. DE SALUD PÚBLICA;AV. CATALUÑA, 21;VALENCIA;46020;VALENCIA;ES;ESS4611001A.G10.G1003.G100302.G100002000
G11;NR;ECONOMÍA, INDUSTRIA, TURISMO Y EMPLEO;C/ COLÓN 32;VALENCIA;46004;VALENCIA;ES;ESS4611001A.G11
G11001;NR;SERVICIOS GENERALES;CA90. C/ CASTÁN TOBEÑAS, 77 - TORRE 2;VALENCIA;46018;VALENCIA;ES;ESS4611001A.G11.G11001
G11020;RF;SUBSECRETARIA;CA90. C/ CASTÁN TOBEÑAS, 77 - Torre 2 - Planta 7;VALENCIA;46018;VALENCIA;ES;ESS4611001A.G11.G11001.G11020
G11021;RF;CONSELLER;CA90. C/ CASTÁN TOBEÑAS, 77 - TORRE 2;VALENCIA;46018;VALENCIA;ES;ESS4611001A.G11.G11001.G11021
G11003;RF;SECRETARIA AUTONOMICA DE INDUSTRIA Y ENERGIA;CA90. C/ CASTÁN TOBEÑAS, 77 - Torre 2 - Planta 4;VALENCIA;46018;VALENCIA;ES;ESS4611001A.G11.G11003
G11004;RF;DIRECCION GENERAL DE INDUSTRIA;CA90. C/ CASTÁN TOBEÑAS, 77 - Torre 2 - Planta 4;VALENCIA;46018;VALENCIA;ES;ESS4611001A.G11.G11003.G11004
G11005;RF;DIRECCION GENERAL DE ENERGIA;CA90. C/ CASTÁN TOBEÑAS, 77 - Torre 2 - Planta 4;VALENCIA;46018;VALENCIA;ES;ESS4611001A.G11.G11003.G11005
G11006;RF;SECRETARIA AUTONOMICA DE ECONOMIA Y EMPLEO;C/ NAVARRO REVERTER, 2;VALENCIA;46004;VALENCIA;ES;ESS4611001A.G11.G11006
G11007;RF;DIRECCION GENERAL DE ECONOMIA;CA90. C/ CASTÁN TOBEÑAS, 77 - Torre 2 - Planta 5;VALENCIA;46018;VALENCIA;ES;ESS4611001A.G11.G11006.G11007
G11008;RF;DIRECCION GENERAL DE TRABAJO, COOPERATIVISMO Y ECONOMIA SOCIAL;C/ NAVARRO REVERTER, 2;VALENCIA;46004;VALENCIA;ES;ESS4611001A.G11.G11006.G11008
G11009;RF;SECRETARIA AUTONOMICA DE TURISMO Y COMERCIO;Castán Tobeñas, 77;VALENCIA;46018;VALENCIA;ES;ESS4611001A.G11.G11009
G11010;RF;DIRECCION GENERAL DE TURISMO;Castán Tobeñas, 77-4ª;VALENCIA;46018;VALENCIA;ES;ESS4611001A.G11.G11009.G11010
G11011;RF;DIRECCION GENERAL DE INTERNACIONALIZACION;CA90. C/ CASTÁN TOBEÑAS, 77 - Torre 2 - Planta 5;VALENCIA;46018;VALENCIA;ES;ESS4611001A.G11.G11009.G11011
G11012;RF;DIRECCION GENERAL DE COMERCIO Y CONSUMO;CA90. C/ CASTÁN TOBEÑAS, 77 - Torre 2 - Planta 6;VALENCIA;46018;VALENCIA;ES;ESS4611001A.G11.G11009.G11012
G11014;RF;DIRECCION TERRITORIAL DE ALICANTE;C/ CHURRUCA, 29;ALICANTE;03003;ALICANTE;ES;ESS4611001A.G11.G11014
G11015;RF;S.T. DE COMERCIO Y CONSUMO;RAMBLA MENDEZ NUÑEZ, 41;ALICANTE;03002;ALICANTE;ES;ESS4611001A.G11.G11014.G11015
G11016;RF;S.T. DE INDUSTRIA;C/ CHURRUCA, 29;ALICANTE;03003;ALICANTE;ES;ESS4611001A.G11.G11014.G11016
G11017;RF;S.T. DE ENERGIA;C/ CHURRUCA, 29;ALICANTE;03003;ALICANTE;ES;ESS4611001A.G11.G11014.G11017
G11018;RF;S.T. DE TURISMO;C/ CHURRUCA, 29;ALICANTE;03003;ALICANTE;ES;ESS4611001A.G11.G11014.G11018
G11019;RF;S.T. DE TRABAJO;C/ Pintor López Casanova, 6;Alicante;03003;Alicante;ES;ESS4611001A.G11.G11014.G11019
G11028;RF;DIRECCION TERRITORIAL DE CASTELLON;C/ HERMANOS BOU, 47;CASTELLON;12003;CASTELLON;ES;ESS4611001A.G11.G11028
G11029;RF;S.T. DE COMERCIO Y CONSUMO;C/ HERMANOS BOU, 47;CASTELLON;12003;CASTELLO;ES;ESS4611001A.G11.G11028.G11029
G11030;RF;S.T. DE TURISMO;C/ HERMANOS BOU, 47;CASTELLON;12003;CASTELLON;ES;ESS4611001A.G11.G11028.G11030
G11031;RF;S.T. DE ENERGIA;C/ CABALLEROS, 8;CASTELLON;12001;CASTELLON;ES;ESS4611001A.G11.G11028.G11031
G11032;RF;S.T. DE INDUSTRIA;C/ CABALLEROS, 8;CASTELLON;12001;CASTELLON;ES;ESS4611001A.G11.G11028.G11032
G11033;RF;S.T. DE TRABAJO;C/ Mayor, 2;Castellón;12001;Castellón;ES;ESS4611001A.G11.G11028.G11033
G11037;RF;DIRECCION TERRITORIAL DE VALENCIA;C/ GREGORIO GEA, 27;VALENCIA;46009;VALENCIA;ES;ESS4611001A.G11.G11037
G11038;RF;S.T. DE TRABAJO;Av. Barón de Cárcer, 36;Valencia;46001;Valencia;ES;ESS4611001A.G11.G11037.G11038
G11039;RF;S.T. DE INDUSTRIA;C/ GREGORIO GEA, 27;VALENCIA;46009;VALENCIA;ES;ESS4611001A.G11.G11037.G11039
G11040;RF;S.T. DE COMERCIO Y CONSUMO;C/ GREGORIO GEA, 27;VALENCIA;46009;VALENCIA;ES;ESS4611001A.G11.G11037.G11040
G11041;RF;S.T. DE ENERGIA;C/ GREGORIO GEA, 27;VALENCIA;46009;VALENCIA;ES;ESS4611001A.G11.G11037.G11041
G11042;RF;S.T. DE TURISMO;PLZ. ALFONSO EL MAGNANIMO, 15;VALENCIA;46003;VALENCIA;ES;ESS4611001A.G11.G11037.G11042
G16;NR;BIENESTAR SOCIAL;C/ CASTAN TOBEÑAS 77  TORRE 3;VALENCIA;46018;VALENCIA;ES;ESS4611001A.G16
G16002;NR;SECRETARIA AUTONÓMICA DE SERVICIOS SOCIALES Y SOLIDARIDAD;C/ CASTAN TOBEÑAS 77 TORRE 3;VALENCIA;46018;VALENCIA;ES;ESS4611001A.G16.G16002
G16021;RFM;DIRECCIÓN GENERAL DE FAMILIA Y MUJER;C/ CASTAN TOBEÑAS 77  TORRE 3;VALENCIA;46018;VALENCIA;ES;ESS4611001A.G16.G16002.G16021
G16022;RFM;DIRECCIÓN GENERAL DE INTEGRACIÓN, INCLUSION SOCIAL Y COOPERACIÓN;C/ CASTAN TOBEÑAS 77 TORRE 3;VALENCIA;46018;VALENCIA;ES;ESS4611001A.G16.G16002.G16022
G16023;RFM;DIRECCIÓN GENERAL DE SERVICIOS SOCIALES Y MENOR;C/ CASTAN TOBEÑAS 77 TORRE 3;VALENCIA;46018;VALENCIA;ES;ESS4611001A.G16.G16002.G16023
G16003;NR;SECRETARIA AUTONÓMICA DE AUTONOMIA PERSONAL Y DEPENDENCIA;C/ CASTAN TOBEÑAS 77  TORRE 3;VALENCIA;46018;VALENCIA;ES;ESS4611001A.G16.G16003
G16031;RFM;DIRECCIÓN GENERAL  PERSONAS CON DISCAPACIDAD;C/ CASTAN TOBEÑAS 77 TORRE 3;VALENCIA;46018;VALENCIA;ES;ESS4611001A.G16.G16003.G16031
G16032;RFM;DIRECCIÓN GENERAL DE DEPENDENCIA Y MAYORES;C/ CASTAN TOBEÑAS 77 TORRE 3;VALENCIA;46018;VALENCIA;ES;ESS4611001A.G16.G16003.G16032
G16004;NR;SUBSECRETARIA;PASEO DE LA ALAMEDA, 16;VALENCIA;46010;VALENCIA;ES;ESS4611001A.G16.G16004
G16001;RFM;SERVICIO DE PROGRAMACIÓN Y GESTIÓN ECONÓMICA. (SUBSECRETARÍA);C/ CASTEN TOBEÑAS 77  TORRE 3;VALENCIA;46018;VALENCIA;ES;ESS4611001A.G16.G16004.G16001
G16046;RFM;OFICINA TÉCNICA DE PROYECTOS Y OBRAS. (SUBSECRETARÍA);C/ CASTAN TOBEÑAS 77 TORRE 3;VALENCIA;46018;VALENCIA;ES;ESS4611001A.G16.G16004.G16046
G16043;RFM;DIRECCIÓN TERRITORIAL DE ALICANTE;CALLE DEL TEATRO, 37 Y 39;ALICANTE;03001;ALICANTE;ES;ESS4611001A.G16.G16043
G16064;RFM;RESIDENCIA TERCERA EDAD LA FLORIDA;C/ TOMAS AZNAR DOMENECH;ALICANTE;03007;ALICANTE;ES;ESS4611001A.G16.G16043.G16064
G16065;RFM;RESIDENCIA TERCERA EDAD ALICANTE;C/ CRONISTA VICENTE MARTINEZ MORELLA 1;ALICANTE;03015;ALICANTE;ES;ESS4611001A.G16.G16043.G16065
G16066;RFM;RESIDENCIA TERCERA EDAD PINTOR SALA ALCOY;C/ ORBERA 2;ALCOY;03801;ALICANTE;ES;ESS4611001A.G16.G16043.G16066
G16067;RFM;RESIDENCIA TERCERA EDAD TORREVIEJA;C/ MESTRE FRANCISCO CASANOVA S/N;TORREVIEJA;03180;ALICANTE;ES;ESS4611001A.G16.G16043.G16067
G16068;RFM;RESIDENCIA TERCERA EDAD MARIOLA ALCOY;PTDA. HORTA MAJOR, 11;ALCOY;03803;ALICANTE;ES;ESS4611001A.G16.G16043.G16068
G16069;RFM;C.A.M.P. SANTA FAZ;C/ CAP L'HORTA S/N;ALICANTE;03540;ALICANTE;ES;ESS4611001A.G16.G16043.G16069
G16044;RFM;DIRECCIÓN TERRITORIAL DE CASTELLÓN;AVENIDA DE HERMANOS BOU, 81;CASTELLÓN;12003;CASTELLÓN;ES;ESS4611001A.G16.G16044
G16070;RFM;RESIDENCIA TERCERA EDAD BURRIANA;C/ ALBERT EINSTEIN 1;BURRIANA;12530;CASTELLÓN;ES;ESS4611001A.G16.G16044.G16070
G16045;RFM;DIRECCIÓN TERRITORIAL DE VALENCIA;AVENIDA BARÓN DE CARCER, 36;VALENCIA;46001;VALENCIA;ES;ESS4611001A.G16.G16045
G16071;RFM;C.E.A.M. NAZARET;Parque Nazaret, 90;Valencia;46024;Valencia;ES;ESS4611001A.G16.G16045.G16071
G16072;RFM;C.E.A.M. CULLERA;Carrer de la Bega, 14;Cullera;46400;Valencia;ES;ESS4611001A.G16.G16045.G16072
G16073;RFM;C.E.A.M. REQUENA;C/ Villajoyosa, 6;Requena;46340;Valencia;ES;ESS4611001A.G16.G16045.G16073
G16074;RFM;C.E.A.M. GANDÍA;C/ República Argentina, 52;Gandía;46701;Valencia;ES;ESS4611001A.G16.G16045.G16074
G16075;RFM;C.E.A.M. TORRENT;C/ Caja de Ahorros, 4;Torrent;46900;Valencia;ES;ESS4611001A.G16.G16045.G16075
G16076;RFM;C.E.A.M. CABANYAL;C/ Pintor Ferrandis, 4;Valencia;46011;Valencia;ES;ESS4611001A.G16.G16045.G16076
G16077;RFM;C.E.A.M. ALZIRA;C/ Escuelas Pías, 6;Alzira;46600;Valencia;ES;ESS4611001A.G16.G16045.G16077
G16078;RFM;C.E.A.M. CATARROJA;C/ Torrente, 2;Catarroja;46470;Valencia;ES;ESS4611001A.G16.G16045.G16078
G16079;RFM;C.E.A.M. PATERNA;C/ Las Eras, 11;Paterna;46980;Valencia;ES;ESS4611001A.G16.G16045.G16079
G16080;RFM;C.E.A.M. SAGUNTO;C/ Hospital, 10;Sagunto;46500;Valencia;ES;ESS4611001A.G16.G16045.G16080
G16081;RFM;C.E.A.M. JORGE JUAN;C/ Jorge Juan, 24;Valencia;46004;Valencia;ES;ESS4611001A.G16.G16045.G16081
G16082;RFM;C.E.A.M. ONTINYENT;Passeig Germanies, s/n;Ontinyent;46870;Valencia;ES;ESS4611001A.G16.G16045.G16082
G16083;RFM;C.E.A.M. PUERTO DE SAGUNTO;Avenida 9 de Octubre, 48;Puerto de Sagunto;46520;Valencia;ES;ESS4611001A.G16.G16045.G16083
G16084;RFM;C.E.A.M. DR. WAKSMAN;C/ Dr. Waksman, 20;Valencia;46006;Valencia;ES;ESS4611001A.G16.G16045.G16084
G16085;RFM;C.E.A.M. ISLAS CANARIAS;C/ Noguera, 3;Valencia;46023;Valencia;ES;ESS4611001A.G16.G16045.G16085
G16086;RFM;R.P.M.D. CARLET;Camino de los Depósitos, 32;Carlet;46240;Valencia;ES;ESS4611001A.G16.G16045.G16086
G16087;RFM;R.P.M.D. ALDAIA;C/ Las Eras, 24;Aldaia;46960;Valencia;ES;ESS4611001A.G16.G16045.G16087
G16088;RFM;R.P.M.D. SILLA;Avinguda Pais Valencià, s/n;Silla;46460;Valencia;ES;ESS4611001A.G16.G16045.G16088
G16089;RFM;CENTRO DE PRIMERA ACOGIDA MONTEOLIVETE;C/ Arabista Ambrosi Huici, 21;Valencia;46013;Valencia;ES;ESS4611001A.G16.G16045.G16089
G16090;RFM;C.R.A.M. LES PALMERES;Partida de Saboya, s/n;Alboraya;46120;Valencia;ES;ESS4611001A.G16.G16045.G16090
G16091;RFM;C.A.M. L'HORTA;C/ Madre Refols, 6;Aldaia;46960;Valencia;ES;ESS4611001A.G16.G16045.G16091
G16092;RFM;C.A.M. LA SAFOR;C/ L'Aigüera, 4;Beniopa (Gandía);46701;Valencia;ES;ESS4611001A.G16.G16045.G16092
G16093;RFM;C.A.M. LA FOIA;C/ San Luís, 45;Buñol;46360;Valencia;ES;ESS4611001A.G16.G16045.G16093
G16094;RFM;C.A.M. CAMPANAR;C/ San Javier, 2;Valencia;46015;Valencia;ES;ESS4611001A.G16.G16045.G16094
G16095;RFM;C.A.M. XIQUETS;Avenida Campanar, 30;Valencia;46015;Valencia;ES;ESS4611001A.G16.G16045.G16095
G16096;RFM;RESIDENCIA JUVENIL MISLATA II;C/ Cardenal Benlloch, 79, puerta 2 y 4;Mislata;46920;Valencia;ES;ESS4611001A.G16.G16045.G16096
G16097;RFM;C.A.M.  SAN VICENTE FERRER;C/ San Vicente Ferrer, 1;Godella;46110;Valencia;ES;ESS4611001A.G16.G16045.G16097
G16098;RFM;CENTRO SOCIAL LA COMA;Plaza de la Yesa, 2 y 3;Paterna;46980;Valencia;ES;ESS4611001A.G16.G16045.G16098
G16099;RFM;CENTRO SOCIAL BALADRE;C/ Tirant lo Blanch, s/n;Puerto de Sagunto;46520;Valencia;ES;ESS4611001A.G16.G16045.G16099
G16100;RFM;CENTRO SOCIAL CASA DEL MAR;Avenida del Puerto, 300;Valencia;46024;Valencia;ES;ESS4611001A.G16.G16045.G16100
G16101;RFM;COMEDOR SOCIAL MALVARROSA;C/ Padre Antón Martín, 36;Valencia;46011;Valencia;ES;ESS4611001A.G16.G16045.G16101
G16102;RFM;COMEDOR SOCIAL ABEJUELA;C/ Abejuela, 2;Valencia;46010;Valencia;ES;ESS4611001A.G16.G16045.G16102
G16103;RFM;COMEDOR SOCIAL LITERATO AZORÍN;C/ Literato Azorín, 15;Valencia;46006;Valencia;ES;ESS4611001A.G16.G16045.G16103
G16104;RFM;COMEDOR SOCIAL SAGUNTO;C/ Conqueridor, 9;Sagunto;46500;Valencia;ES;ESS4611001A.G16.G16045.G16104
G16105;RFM;CENTRO DE DIAGNÓSTICO Y ORIENTACIÓN SAN JOSÉ DE CALASANZ;C/ San José de Calasanz, 30;Valencia;46008;Valencia;ES;ESS4611001A.G16.G16045.G16105
G16106;RFM;CENTRO DE DIAGNÓSTICO Y ORIENTACIÓN VELLUTERS;C/ Arolas, 1;Valencia;46001;Valencia;ES;ESS4611001A.G16.G16045.G16106
G16107;RFM;ASUNTOS GENERALES. DIRECCIÓN TERRITORIAL DE VALENCIA;Avenida Barón de Cárcer, 36;Valencia;46001;Valencia;ES;ESS4611001A.G16.G16045.G16107
G22;NR;GOBERNACIÓN Y JUSTICIA;CASTÁN TOBEÑAS 77;VALENCIA;46018;VALENCIA;ES;ESS4611001A.G22
G22000001;NR;SUBSECRETARIA;C/ CASTAN TOBEÑAS 77;VALENCIA;46018;VALENCIA;ES;ESS4611001A.G22.G22000001
G22000110;RF;SERVICIO DE CONTRATACIÓN Y ASUNTOS GENERALES;C/ CASTAN TOBEÑAS 77;VALENCIA;46018;VALENCIA;ES;ESS4611001A.G22.G22000001.G22000110
G22000115;RF;DIRECCION TERRITORIAL DE GOBERNACIÓN ALICANTE;RAMBLA MENDEZ NUÑEZ 41;ALICANTE;03002;ALICANTE;ES;ESS4611001A.G22.G22000001.G22000115
G22000116;RF;DIRECCION TERRITORIAL DE GOBERNACIÓN CASTELLON;C/ MAYOR 78;CASTELLON;12001;CASTELLON;ES;ESS4611001A.G22.G22000001.G22000116
G22000117;NR;DIRECCION TERRITORIAL DE GOBERNACION VALENCIA;C/ CASTAN TOBEÑAS 77;VALENCIA;46018;VALENCIA;ES;ESS4611001A.G22.G22000001.G22000117
G22000291;RF;SERVICIO DE PROGRAMACIÓN Y GESTIÓN ECONÓMICA;C/ CASTAN TOBEÑAS 77;VALENCIA;46018;VALENCIA;ES;ESS4611001A.G22.G22000001.G22000291
G22000003;NR;SECRETARÍA AUTONÓMICA DE JUSTICIA;C/ CASTAN TOBEÑAS 77;VALENCIA;46018;VALENCIA;ES;ESS4611001A.G22.G22000003
G22000328;RF;DIRECCIÓN GENERAL DE JUSTICIA;C/ CASTAN TOBEÑAS 77;VALENCIA;46018;VALENCIA;ES;ESS4611001A.G22.G22000003.G22000328
G22000111;RF;SECRETARÍA AUTONÓMICA DE GOBERNACIÓN;C/ CASTAN TOBEÑAS 77;VALENCIA;46018;VALENCIA;ES;ESS4611001A.G22.G22000111
G22000113;RF;DG SEGURIDAD Y PROTECCION CIUDADANA;C/ CASTAN TOBEÑAS 77;VALENCIA;46018;VALENCIA;ES;ESS4611001A.G22.G22000111.G22000113
G22000114;RF;DG DESARROLLO ESTATUTARIO Y PROMOCION AUTOGOBIERNO;C/ CASTAN TOBEÑAS 77;VALENCIA;46018;VALENCIA;ES;ESS4611001A.G22.G22000111.G22000114
G22000329;RF;DG PREVENCIÓN, EXTINCIÓN DE INCENDIOS Y EMERGENCIAS;C/ CASTAN TOBEÑAS 77;VALENCICA;46018;VALENCIA;ES;ESS4611001A.G22.G22000111.G22000329
ESS9600001C;NR;SINDICATURA DE COMPTES DE LA GV;C/ SAN VICENT, 4;VALENCIA;46002;VALENCIA;ES;ESS9600001C
SCGV01;RFM;Gerencia;Sant Vicent, 4;Valencia;46002;Valencia;ES;ESS9600001C.SCGV01
ESQ4601136G;NR;AGENCIA VALENCIANA DE FOMENTO Y GARANTIA AGRARIA  (AVFGA);C/ CASTAN TOBEÑAS 77;VALENCIA;46018;VALENCIA;ES;Q4601136G
